{
    "SubscriptionStatus": [
        {
            "Id": 1,
            "Name": "New"
        },
        {
            "Id": 2,
            "Name": "Assigned"
        },
        {
            "Id": 3,
            "Name": "InProgress/Pending"
        },
        {
            "Id": 4,
            "Name": "Resolved"
        },
        {
            "Id": 5,
            "Name": "Closed"
        }
    ],
    "IssueSubscriptions": [
        {
            "RowId": "1",
            "MetricId": "1",
            "MetricName": "Metric > Dimension > Dimension Value",
            "Score": "200",
            "FreezeDate": "09/18/2016",
            "Status": {
                "Id": 1,
                "Name": "New"
            },
            "IsEnabled": false,
            "EnabledDate": ""
        },
        {
            "RowId": "2",
            "MetricId": "2",
            "MetricName": "Total Cost > Country > US",
            "Score": "300",
            "FreezeDate": "09/10/2016",
            "Status": {
                "Id": 1,
                "Name": "New"
            },
            "IsEnabled": false,
            "EnabledDate": ""
        },
        {
            "RowId": "3",
            "MetricId": "2",
            "MetricName": "Total Cost > Country > UK",
            "Score": "400",
            "FreezeDate": "09/10/2016",
            "Status": {
                "Id": 5,
                "Name": "Closed"
            },
            "IsEnabled": true,
            "EnabledDate": "09/18/2016"
        }
    ],
    "Users": [
        {
            "UserId": "1",
            "UserName": "Sylvester Stallone"
        },
        {
            "UserId": "2",
            "UserName": "Arnold"
        },
        {
            "UserId": "3",
            "UserName": "David Beckham"
        },
        {
            "UserId": "4",
            "UserName": "Miles White"
        },
        {
            "UserId": "5",
            "UserName": "Abdul Rahim"
        },
        {
            "UserId": "6",
            "UserName": "Will Smith"
        }
    ],
    "AllSubscriptions": [
        {
            "MetricId": "1",
            "MetricName": "ASSESSMENT COST",
            "Dimensions": [
                {
                    "DimensionId": "1",
                    "DimensionName": "ACH REGION",
                    "DimensionValues": [
                        {
                            "DimensionValueId": "1",
                            "DimensionValueName": "AMEX MULTI CURRENCIES"
                        },
                        {
                            "DimensionValueId": "2",
                            "DimensionValueName": "BANCOMER"
                        },
                        {
                            "DimensionValueId": "3",
                            "DimensionValueName": "BRANDED LOGIN XO"
                        },
                        {
                            "DimensionValueId": "4",
                            "DimensionValueName": "NON-BRANDED ('PRO')"
                        }
                    ]
                },
                {
                    "DimensionId": "2",
                    "DimensionName": "ACQUIRER",
                    "DimensionValues": [
                        {
                            "DimensionValueId": "1",
                            "DimensionValueName": "AMEX"
                        },
                        {
                            "DimensionValueId": "2",
                            "DimensionValueName": "CREDIT"
                        },
                        {
                            "DimensionValueId": "3",
                            "DimensionValueName": "DEBIT"
                        }
                    ]
                },
                {
                    "DimensionId": "3",
                    "DimensionName": "BANK REGION",
                    "DimensionValues": [
                        {
                            "DimensionValueId": "1",
                            "DimensionValueName": "BNP"
                        },
                        {
                            "DimensionValueId": "2",
                            "DimensionValueName": "FDMS"
                        },
                        {
                            "DimensionValueId": "3",
                            "DimensionValueName": "OTHER"
                        }
                    ]
                },
                {
                    "DimensionId": "4",
                    "DimensionName": "BIN ISSUING REGION",
                    "DimensionValues": [
                        {
                            "DimensionValueId": "1",
                            "DimensionValueName": "BALANCE"
                        },
                        {
                            "DimensionValueId": "2",
                            "DimensionValueName": "BANK"
                        },
                        {
                            "DimensionValueId": "3",
                            "DimensionValueName": "CARD"
                        }
                    ]
                }
            ]
        },
        {
            "MetricId": "2",
            "MetricName": "ASSESSMENT DELTA",
            "Dimensions": [
                {
                    "DimensionId": "1",
                    "DimensionName": "ACH REGION",
                    "DimensionValues": [
                        {
                            "DimensionValueId": "1",
                            "DimensionValueName": "BRANDED GUEST XO"
                        },
                        {
                            "DimensionValueId": "2",
                            "DimensionValueName": "BRANDED LOGIN XO"
                        },
                        {
                            "DimensionValueId": "3",
                            "DimensionValueName": "OTHER"
                        },
                        {
                            "DimensionValueId": "4",
                            "DimensionValueName": "NON-BRANDED ('PRO')"
                        }
                    ]
                },
                {
                    "DimensionId": "2",
                    "DimensionName": "ACQUIRER",
                    "DimensionValues": [
                        {
                            "DimensionValueId": "1",
                            "DimensionValueName": "AIRLINES"
                        },
                        {
                            "DimensionValueId": "2",
                            "DimensionValueName": "APAC"
                        },
                        {
                            "DimensionValueId": "3",
                            "DimensionValueName": "EMEA"
                        }
                    ]
                },
                {
                    "DimensionId": "3",
                    "DimensionName": "BANK REGION",
                    "DimensionValues": [
                        {
                            "DimensionValueId": "1",
                            "DimensionValueName": "AMEX MULTI CURRENCIES"
                        },
                        {
                            "DimensionValueId": "2",
                            "DimensionValueName": "BANCOMER"
                        },
                        {
                            "DimensionValueId": "3",
                            "DimensionValueName": "BNP"
                        }
                    ]
                },
                {
                    "DimensionId": "4",
                    "DimensionName": "DII",
                    "DimensionValues": [
                        {
                            "DimensionValueId": "1",
                            "DimensionValueName": "AMEX MULTI CURRENCIES"
                        },
                        {
                            "DimensionValueId": "2",
                            "DimensionValueName": "STAR"
                        },
                        {
                            "DimensionValueId": "3",
                            "DimensionValueName": "WESTPAC"
                        }
                    ]
                }
            ]
        },
        {
            "MetricId": "3",
            "MetricName": "INTERCHANGE DELTA",
            "Dimensions": [
                {
                    "DimensionId": "1",
                    "DimensionName": "ACH REGION",
                    "DimensionValues": [
                        {
                            "DimensionValueId": "1",
                            "DimensionValueName": "CREDIT"
                        },
                        {
                            "DimensionValueId": "2",
                            "DimensionValueName": "DEBIT"
                        },
                        {
                            "DimensionValueId": "3",
                            "DimensionValueName": "OTHER"
                        },
                        {
                            "DimensionValueId": "4",
                            "DimensionValueName": "VISA"
                        }
                    ]
                },
                {
                    "DimensionId": "2",
                    "DimensionName": "ACQUIRER",
                    "DimensionValues": [
                        {
                            "DimensionValueId": "1",
                            "DimensionValueName": "AMEX"
                        },
                        {
                            "DimensionValueId": "2",
                            "DimensionValueName": "DISCOVER"
                        },
                        {
                            "DimensionValueId": "3",
                            "DimensionValueName": "MASTERCARD"
                        },
                        {
                            "DimensionValueId": "4",
                            "DimensionValueName": "OTHER"
                        },
                        {
                            "DimensionValueId": "5",
                            "DimensionValueName": "STAR"
                        }
                    ]
                },
                {
                    "DimensionId": "3",
                    "DimensionName": "BANK REGION",
                    "DimensionValues": [
                        {
                            "DimensionValueId": "1",
                            "DimensionValueName": "DOMESTIC"
                        },
                        {
                            "DimensionValueId": "2",
                            "DimensionValueName": "INTER"
                        },
                        {
                            "DimensionValueId": "3",
                            "DimensionValueName": "INTRA"
                        },
                        {
                            "DimensionValueId": "4",
                            "DimensionValueName": "PREPAID"
                        }
                    ]
                },
                {
                    "DimensionId": "4",
                    "DimensionName": "VERTICAL",
                    "DimensionValues": [
                        {
                            "DimensionValueId": "1",
                            "DimensionValueName": "AMEX MULTI CURRENCIES"
                        },
                        {
                            "DimensionValueId": "2",
                            "DimensionValueName": "BNP"
                        },
                        {
                            "DimensionValueId": "3",
                            "DimensionValueName": "UTILITIES"
                        },
                        {
                            "DimensionValueId": "4",
                            "DimensionValueName": "BNP"
                        }
                    ]
                }
            ]
        },
        {
            "MetricId": "4",
            "MetricName": "OTHER FIXED COST DELTA",
            "Dimensions": [
                {
                    "DimensionId": "1",
                    "DimensionName": "ACH REGION",
                    "DimensionValues": [
                        {
                            "DimensionValueId": "1",
                            "DimensionValueName": "AU"
                        },
                        {
                            "DimensionValueId": "2",
                            "DimensionValueName": "OTHER"
                        },
                        {
                            "DimensionValueId": "3",
                            "DimensionValueName": "UK"
                        },
                        {
                            "DimensionValueId": "4",
                            "DimensionValueName": "US"
                        }
                    ]
                },
                {
                    "DimensionId": "2",
                    "DimensionName": "CARD TYPE",
                    "DimensionValues": [
                        {
                            "DimensionValueId": "1",
                            "DimensionValueName": "CAN"
                        },
                        {
                            "DimensionValueId": "2",
                            "DimensionValueName": "FRA"
                        },
                        {
                            "DimensionValueId": "3",
                            "DimensionValueName": "GER"
                        }
                    ]
                }
            ]
        },
        {
            "MetricId": "5",
            "MetricName": "TOTAL COST DELTA",
            "Dimensions": [
                {
                    "DimensionId": "1",
                    "DimensionName": "ACH REGION",
                    "DimensionValues": [
                        {
                            "DimensionValueId": "1",
                            "DimensionValueName": "AMEX MULTI CURRENCIES"
                        },
                        {
                            "DimensionValueId": "2",
                            "DimensionValueName": "BANCOMER"
                        }
                    ]
                },
                {
                    "DimensionId": "2",
                    "DimensionName": "ACQUIRER",
                    "DimensionValues": [
                        {
                            "DimensionValueId": "1",
                            "DimensionValueName": "AMEX"
                        }
                    ]
                },
                {
                    "DimensionId": "3",
                    "DimensionName": "BANK REGION",
                    "DimensionValues": [
                        {
                            "DimensionValueId": "1",
                            "DimensionValueName": "BNP"
                        },
                        {
                            "DimensionValueId": "2",
                            "DimensionValueName": "FDMS"
                        },
                        {
                            "DimensionValueId": "3",
                            "DimensionValueName": "OTHER"
                        }
                    ]
                }
            ]
        },
        {
            "MetricId": "6",
            "MetricName": "ASSESSMENT RATE",
            "Dimensions": [
                {
                    "DimensionId": "1",
                    "DimensionName": "ACH REGION",
                    "DimensionValues": [
                        {
                            "DimensionValueId": "1",
                            "DimensionValueName": "CREDIT"
                        },
                        {
                            "DimensionValueId": "2",
                            "DimensionValueName": "DEBIT"
                        },
                        {
                            "DimensionValueId": "3",
                            "DimensionValueName": "OTHER"
                        },
                        {
                            "DimensionValueId": "4",
                            "DimensionValueName": "VISA"
                        }
                    ]
                },
                {
                    "DimensionId": "2",
                    "DimensionName": "ACQUIRER",
                    "DimensionValues": [
                        {
                            "DimensionValueId": "1",
                            "DimensionValueName": "AMEX"
                        },
                        {
                            "DimensionValueId": "2",
                            "DimensionValueName": "DISCOVER"
                        },
                        {
                            "DimensionValueId": "3",
                            "DimensionValueName": "MASTERCARD"
                        },
                        {
                            "DimensionValueId": "4",
                            "DimensionValueName": "OTHER"
                        },
                        {
                            "DimensionValueId": "5",
                            "DimensionValueName": "STAR"
                        }
                    ]
                },
                {
                    "DimensionId": "3",
                    "DimensionName": "BANK REGION",
                    "DimensionValues": [
                        {
                            "DimensionValueId": "1",
                            "DimensionValueName": "DOMESTIC"
                        },
                        {
                            "DimensionValueId": "2",
                            "DimensionValueName": "INTER"
                        },
                        {
                            "DimensionValueId": "3",
                            "DimensionValueName": "INTRA"
                        },
                        {
                            "DimensionValueId": "4",
                            "DimensionValueName": "PREPAID"
                        }
                    ]
                },
                {
                    "DimensionId": "4",
                    "DimensionName": "VERTICAL",
                    "DimensionValues": [
                        {
                            "DimensionValueId": "1",
                            "DimensionValueName": "AMEX MULTI CURRENCIES"
                        },
                        {
                            "DimensionValueId": "2",
                            "DimensionValueName": "BNP"
                        },
                        {
                            "DimensionValueId": "3",
                            "DimensionValueName": "UTILITIES"
                        },
                        {
                            "DimensionValueId": "4",
                            "DimensionValueName": "BNP"
                        }
                    ]
                }
            ]
        },
        {
            "MetricId": "7",
            "MetricName": "TIME TO SETTLE",
            "Dimensions": [
                {
                    "DimensionId": "2",
                    "DimensionName": "CARD TYPE",
                    "DimensionValues": [
                        {
                            "DimensionValueId": "1",
                            "DimensionValueName": "CAN"
                        },
                        {
                            "DimensionValueId": "3",
                            "DimensionValueName": "GER"
                        }
                    ]
                }
            ]
        }
    ],
    "Subscriptions": [
        {
            "RowId": "1",
            "MetricId": "1",
            "MetricName": "ASSESSMENT COST",
            "Dimensions": [
                {
                    "DimensionId": "1",
                    "DimensionName": "ACH REGION",
                    "DimensionValues": [
                        {
                            "DimensionValueId": "1",
                            "DimensionValueName": "AMEX MULTI CURRENCIES"
                        },
                        {
                            "DimensionValueId": "2",
                            "DimensionValueName": "BANCOMER"
                        },
                        {
                            "DimensionValueId": "4",
                            "DimensionValueName": "NON-BRANDED ('PRO')"
                        }
                    ]
                },
                {
                    "DimensionId": "2",
                    "DimensionName": "ACQUIRER",
                    "DimensionValues": [
                        {
                            "DimensionValueId": "1",
                            "DimensionValueName": "AMEX"
                        }
                    ]
                },
                {
                    "DimensionId": "3",
                    "DimensionName": "BANK REGION",
                    "DimensionValues": [
                        {
                            "DimensionValueId": "1",
                            "DimensionValueName": "BNP"
                        },
                        {
                            "DimensionValueId": "2",
                            "DimensionValueName": "FDMS"
                        },
                        {
                            "DimensionValueId": "3",
                            "DimensionValueName": "OTHER"
                        }
                    ]
                }
            ]
        },
        {
            "RowId": "2",
            "MetricId": "3",
            "MetricName": "INTERCHANGE DELTA",
            "Dimensions": [
                {
                    "DimensionId": "1",
                    "DimensionName": "ACH REGION",
                    "DimensionValues": [
                        {
                            "DimensionValueId": "1",
                            "DimensionValueName": "CREDIT"
                        },
                        {
                            "DimensionValueId": "2",
                            "DimensionValueName": "DEBIT"
                        },
                        {
                            "DimensionValueId": "3",
                            "DimensionValueName": "OTHER"
                        },
                        {
                            "DimensionValueId": "4",
                            "DimensionValueName": "VISA"
                        }
                    ]
                },
                {
                    "DimensionId": "2",
                    "DimensionName": "ACQUIRER",
                    "DimensionValues": [
                        {
                            "DimensionValueId": "1",
                            "DimensionValueName": "AMEX"
                        },
                        {
                            "DimensionValueId": "2",
                            "DimensionValueName": "DISCOVER"
                        },
                        {
                            "DimensionValueId": "3",
                            "DimensionValueName": "MASTERCARD"
                        },
                        {
                            "DimensionValueId": "4",
                            "DimensionValueName": "OTHER"
                        },
                        {
                            "DimensionValueId": "5",
                            "DimensionValueName": "STAR"
                        }
                    ]
                },
                {
                    "DimensionId": "3",
                    "DimensionName": "BANK REGION",
                    "DimensionValues": [
                        {
                            "DimensionValueId": "1",
                            "DimensionValueName": "DOMESTIC"
                        },
                        {
                            "DimensionValueId": "2",
                            "DimensionValueName": "INTER"
                        },
                        {
                            "DimensionValueId": "3",
                            "DimensionValueName": "INTRA"
                        },
                        {
                            "DimensionValueId": "4",
                            "DimensionValueName": "PREPAID"
                        }
                    ]
                },
                {
                    "DimensionId": "4",
                    "DimensionName": "VERTICAL",
                    "DimensionValues": [
                        {
                            "DimensionValueId": "1",
                            "DimensionValueName": "AMEX MULTI CURRENCIES"
                        },
                        {
                            "DimensionValueId": "2",
                            "DimensionValueName": "BNP"
                        },
                        {
                            "DimensionValueId": "3",
                            "DimensionValueName": "UTILITIES"
                        },
                        {
                            "DimensionValueId": "4",
                            "DimensionValueName": "BNP"
                        }
                    ]
                }
            ]
        },
        {
            "RowId": "3",
            "MetricId": "4",
            "MetricName": "OTHER FIXED COST DELTA",
            "Dimensions": [
                {
                    "DimensionId": "2",
                    "DimensionName": "CARD TYPE",
                    "DimensionValues": [
                        {
                            "DimensionValueId": "1",
                            "DimensionValueName": "CAN"
                        },
                        {
                            "DimensionValueId": "3",
                            "DimensionValueName": "GER"
                        }
                    ]
                }
            ]
        }
    ],
    "Metrics": [
        {
            "RowId": "4",
            "MetricId": "5",
            "MetricName": "TOTAL COST DELTA",
            "Dimensions": [
                {
                    "DimensionId": "1",
                    "DimensionName": "ACH REGION",
                    "DimensionValues": [
                        {
                            "DimensionValueId": "1",
                            "DimensionValueName": "AMEX MULTI CURRENCIES"
                        }
                    ]
                },
                {
                    "DimensionId": "2",
                    "DimensionName": "ACQUIRER",
                    "DimensionValues": [
                        {
                            "DimensionValueId": "1",
                            "DimensionValueName": "AMEX"
                        }
                    ]
                },
                {
                    "DimensionId": "3",
                    "DimensionName": "BANK REGION",
                    "DimensionValues": [
                        {
                            "DimensionValueId": "1",
                            "DimensionValueName": "BNP"
                        },
                        {
                            "DimensionValueId": "2",
                            "DimensionValueName": "FDMS"
                        }
                    ]
                }
            ]
        },
        {
            "RowId": "5",
            "MetricId": "6",
            "MetricName": "ASSESSMENT RATE",
            "Dimensions": [
                {
                    "DimensionId": "1",
                    "DimensionName": "ACH REGION",
                    "DimensionValues": [
                        {
                            "DimensionValueId": "1",
                            "DimensionValueName": "CREDIT"
                        },
                        {
                            "DimensionValueId": "2",
                            "DimensionValueName": "DEBIT"
                        }
                    ]
                },
                {
                    "DimensionId": "2",
                    "DimensionName": "ACQUIRER",
                    "DimensionValues": [
                        {
                            "DimensionValueId": "1",
                            "DimensionValueName": "AMEX"
                        },
                        {
                            "DimensionValueId": "2",
                            "DimensionValueName": "DISCOVER"
                        },
                        {
                            "DimensionValueId": "5",
                            "DimensionValueName": "STAR"
                        }
                    ]
                },
                {
                    "DimensionId": "3",
                    "DimensionName": "BANK REGION",
                    "DimensionValues": [
                        {
                            "DimensionValueId": "1",
                            "DimensionValueName": "DOMESTIC"
                        },
                        {
                            "DimensionValueId": "2",
                            "DimensionValueName": "INTER"
                        },
                        {
                            "DimensionValueId": "4",
                            "DimensionValueName": "PREPAID"
                        }
                    ]
                },
                {
                    "DimensionId": "4",
                    "DimensionName": "VERTICAL",
                    "DimensionValues": [
                        {
                            "DimensionValueId": "1",
                            "DimensionValueName": "AMEX MULTI CURRENCIES"
                        },
                        {
                            "DimensionValueId": "2",
                            "DimensionValueName": "BNP"
                        }
                    ]
                }
            ]
        },
        {
            "RowId": "6",
            "MetricId": "7",
            "MetricName": "TIME TO SETTLE",
            "Dimensions": [
                {
                    "DimensionId": "2",
                    "DimensionName": "CARD TYPE",
                    "DimensionValues": [
                        {
                            "DimensionValueId": "1",
                            "DimensionValueName": "CAN"
                        },
                        {
                            "DimensionValueId": "3",
                            "DimensionValueName": "GER"
                        }
                    ]
                }
            ]
        }
    ]
}
